5 & Good, The Bad and The Ugly, The (1966)
5 & Good, The Bad and The Ugly, The (1966)
5 & Good, The Bad and The Ugly, The (1966)
5 & Good, The Bad and The Ugly, The (1966)
5 & Star Trek IV: The Voyage Home (1986)
5 & Star Trek IV: The Voyage Home (1986)
5 & Star Trek IV: The Voyage Home (1986)
5 & Star Trek IV: The Voyage Home (1986)
5 & Sabrina (1995)
5 & Sabrina (1995)
5 & Sabrina (1995)
5 & Sabrina (1995)
5 & Casablanca (1942)
5 & Casablanca (1942)
5 & Casablanca (1942)
5 & Casablanca (1942)
5 & My Fair Lady (1964)
5 & My Fair Lady (1964)
5 & My Fair Lady (1964)
5 & My Fair Lady (1964)
